City_ID,City,Country,Lat,Lng,Max Temp,Humidity,Cloudiness,Wind Speed,Current Description
0,Rikitea,PF,-23.1203,-134.9692,76.86,84,96,15.68,overcast clouds
1,Port Moresby,PG,-9.4431,147.1797,74.98,91,100,9.4,overcast clouds
2,Honningsvag,NO,70.9821,25.9704,40.53,70,5,4.68,clear sky
3,San Joaquin,US,37.9333,-121.3011,88.99,29,1,14.97,clear sky
4,Fare,PF,-16.7,-151.0167,80.53,72,22,10.25,few clouds
5,Sambava,MG,-14.2667,50.1667,71.83,88,38,10.47,scattered clouds
6,Chateaubelair,VC,13.2833,-61.25,79.81,75,100,12.1,overcast clouds
7,Bredasdorp,ZA,-34.5322,20.0403,59.45,32,5,6.35,clear sky
8,Cabo San Lucas,MX,22.8909,-109.9124,102.81,52,7,9.89,clear sky
9,Cape Town,ZA,-33.9258,18.4232,69.12,25,20,10.22,few clouds
10,Victoria,HK,22.2855,114.1577,82.33,85,39,4.0,scattered clouds
11,Tiksi,RU,71.6872,128.8694,43.99,65,100,6.42,overcast clouds
12,Ojinaga,MX,29.5667,-104.4167,101.35,10,1,11.5,clear sky
13,Mataura,NZ,-46.1927,168.8643,43.38,87,88,2.24,overcast clouds
14,Kralendijk,BQ,12.15,-68.2667,79.77,82,100,18.48,overcast clouds
15,Ati,TD,13.2154,18.3353,94.33,26,93,6.04,overcast clouds
16,Punta Arenas,CL,-53.15,-70.9167,42.12,70,59,12.26,broken clouds
17,Busselton,AU,-33.65,115.3333,48.09,74,0,8.03,clear sky
18,Businga,CD,3.3333,20.8833,70.45,95,100,0.36,overcast clouds
19,Lompoc,US,34.6391,-120.4579,75.69,79,90,5.99,overcast clouds
20,Puerto Ayora,EC,-0.7393,-90.3518,74.55,89,30,7.0,scattered clouds
21,Hilo,US,19.7297,-155.09,81.28,76,30,4.0,light rain
22,Chokurdakh,RU,70.6333,147.9167,36.84,76,100,6.85,overcast clouds
23,Peleduy,RU,59.6289,112.7406,42.24,96,57,5.08,broken clouds
24,Kavaratti,IN,10.5669,72.642,82.74,75,100,10.76,overcast clouds
25,Chapais,CA,49.7834,-74.8492,80.22,29,54,9.26,broken clouds
26,Manokwari,ID,-0.8667,134.0833,78.33,80,100,3.94,overcast clouds
27,Mahebourg,MU,-20.4081,57.7,72.25,82,27,11.61,scattered clouds
28,Laguna,US,38.421,-121.4238,93.22,35,1,5.01,clear sky
29,Sao Filipe,CV,14.8961,-24.4956,75.92,68,7,6.98,clear sky
30,Castro,BR,-24.7911,-50.0119,66.45,66,99,4.12,overcast clouds
31,Jamestown,US,42.097,-79.2353,86.29,50,75,5.75,broken clouds
32,Thompson,CA,55.7435,-97.8558,73.8,38,100,6.17,overcast clouds
33,Borovoy,RU,55.4333,86.0833,58.28,77,40,5.23,moderate rain
34,Avarua,CK,-21.2078,-159.775,73.45,68,75,3.44,broken clouds
35,Cayenne,GF,4.9333,-52.3333,84.24,84,40,3.0,scattered clouds
36,Lagoa,PT,39.05,-27.9833,64.04,90,100,12.8,overcast clouds
37,Saskylakh,RU,71.9167,114.0833,36.36,68,63,4.52,broken clouds
38,Upernavik,GL,72.7868,-56.1549,37.62,85,62,2.68,broken clouds
39,Khani,GE,41.9563,42.9566,51.37,99,93,0.27,overcast clouds
40,Vokhma,RU,58.9303,46.7586,58.87,68,26,5.08,scattered clouds
41,Norman Wells,CA,65.282,-126.8329,50.04,76,75,12.66,light rain
42,Albany,US,42.6001,-73.9662,92.44,41,59,1.01,broken clouds
43,Rockland,US,41.1668,-74.0496,94.86,43,5,3.0,clear sky
44,Airai,TL,-8.9266,125.4092,55.06,82,69,2.75,broken clouds
45,Los Llanos De Aridane,ES,28.6585,-17.9182,64.15,87,20,11.65,few clouds
46,Tuktoyaktuk,CA,69.4541,-133.0374,36.07,75,15,8.48,few clouds
47,Paris,FR,48.8534,2.3488,69.39,63,75,4.0,broken clouds
48,Umm Lajj,SA,25.0213,37.2685,84.22,49,0,10.0,clear sky
49,Aklavik,CA,68.2191,-135.0107,47.07,44,13,7.63,few clouds
50,Khorramabad,IR,33.4878,48.3558,73.89,19,0,4.7,clear sky
51,Ushuaia,AR,-54.8,-68.3,38.14,97,100,9.15,overcast clouds
52,Half Moon Bay,US,37.4636,-122.4286,84.81,60,1,10.36,haze
53,Fortuna,US,40.5982,-124.1573,66.42,61,20,8.01,few clouds
54,Sarakhs,IR,36.5449,61.1577,84.97,28,0,10.74,clear sky
55,Mehamn,NO,71.0357,27.8492,40.95,65,0,4.61,clear sky
56,Saint-Pierre,RE,-21.3393,55.4781,69.44,93,75,8.05,very heavy rain
57,Vaini,TO,-21.2,-175.2,76.62,70,33,15.68,scattered clouds
58,Olavarria,AR,-36.8927,-60.3225,49.41,59,100,6.91,overcast clouds
59,Bethanien,NA,-26.502,17.1583,57.15,33,0,13.89,clear sky
60,San Quintin,MX,30.4833,-115.95,66.4,62,17,11.95,few clouds
61,San Cristobal,VE,7.7669,-72.225,69.33,93,100,3.56,overcast clouds
62,Hobart,AU,-42.8794,147.3294,53.46,81,100,1.99,overcast clouds
63,Shumskiy,RU,54.8318,99.1328,41.7,88,15,4.68,few clouds
64,Torbay,CA,47.6666,-52.7314,45.88,87,90,12.66,overcast clouds
65,Kapaa,US,22.0752,-159.319,82.38,80,25,5.99,scattered clouds
66,Geraldton,AU,-28.7667,114.6,55.13,93,85,14.14,overcast clouds
67,Portland,US,45.5234,-122.6762,61.41,62,98,5.01,overcast clouds
68,Ribeira Grande,PT,38.5167,-28.7,68.4,77,40,10.36,scattered clouds
69,Chivay,PE,-15.6383,-71.6011,54.86,27,36,8.97,scattered clouds
70,Khatanga,RU,71.9667,102.5,32.61,94,97,5.48,overcast clouds
71,Faanui,PF,-16.4833,-151.75,80.8,75,56,10.74,broken clouds
72,Merauke,ID,-8.4667,140.3333,76.24,89,98,14.29,overcast clouds
73,Codrington,AU,-38.2667,141.9667,55.99,65,100,19.66,light rain
74,Sorland,NO,67.667,12.6934,62.67,84,97,1.9,overcast clouds
75,Guerrero Negro,MX,27.9769,-114.0611,72.81,53,84,12.95,broken clouds
76,Te Anau,NZ,-45.4167,167.7167,36.5,94,16,1.12,few clouds
77,Yellowknife,CA,62.456,-114.3525,49.32,57,100,5.99,overcast clouds
78,New Norfolk,AU,-42.7826,147.0587,53.1,79,100,3.0,overcast clouds
79,Ploemeur,FR,47.7333,-3.4333,63.86,81,0,3.44,clear sky
80,Monte Alegre,BR,-2.0078,-54.0692,86.77,59,86,5.37,overcast clouds
81,Abeche,TD,13.8292,20.8324,92.34,29,83,6.82,broken clouds
82,Antigonish,CA,45.6169,-61.9986,64.15,75,65,5.01,broken clouds
83,Port Elizabeth,ZA,-33.918,25.5701,62.1,87,20,2.3,few clouds
84,Henties Bay,NA,-22.116,14.2845,75.85,45,0,1.05,clear sky
85,Kankaanpaa,FI,61.8,22.4167,56.16,71,0,4.83,clear sky
86,Clyde River,CA,70.4692,-68.5914,35.83,93,90,12.66,overcast clouds
87,Saldanha,ZA,-33.0117,17.9442,65.61,46,6,15.14,clear sky
88,Griffith,US,41.5284,-87.4237,87.98,56,90,4.0,overcast clouds
89,Pangnirtung,CA,66.1451,-65.7125,35.73,87,20,3.22,few clouds
90,Hamilton,US,39.1834,-84.5333,85.39,68,20,1.01,few clouds
91,Lebu,CL,-37.6167,-73.65,51.75,70,100,2.71,overcast clouds
92,Flin Flon,CA,54.7682,-101.865,57.04,88,90,12.82,overcast clouds
93,Iqaluit,CA,63.7506,-68.5145,36.7,69,42,4.0,scattered clouds
94,Ketchikan,US,55.3422,-131.6461,51.78,91,100,3.44,light rain
95,Kudahuvadhoo,MV,2.6708,72.8944,82.96,75,86,14.14,overcast clouds
96,Prabumulih,ID,-3.45,104.25,72.86,99,52,2.77,broken clouds
97,Georgetown,MY,5.4112,100.3354,80.53,89,20,1.01,few clouds
98,Hermanus,ZA,-34.4187,19.2345,66.9,42,0,11.32,clear sky
99,Sitka,US,57.0531,-135.33,52.11,77,100,3.56,light rain
100,Anadyr,RU,64.75,177.4833,45.1,61,75,9.78,broken clouds
101,Cherskiy,RU,68.75,161.3,64.29,42,100,17.11,overcast clouds
102,Quelimane,MZ,-17.8786,36.8883,66.15,77,62,5.3,broken clouds
103,Butaritari,KI,3.0707,172.7902,82.22,72,20,5.1,light rain
104,Romny,UA,50.751,33.4747,55.92,92,83,5.53,broken clouds
105,Nantucket,US,41.2835,-70.0995,86.11,57,1,10.36,clear sky
106,Petropavlovsk-Kamchatskiy,RU,53.0452,158.6483,41.59,100,90,2.55,light rain
107,Shestakovo,RU,56.4915,103.96,39.92,86,0,3.85,clear sky
108,Saint-Philippe,RE,-21.3585,55.7679,69.35,85,70,12.68,light rain
109,Longyearbyen,SJ,78.2186,15.6401,39.04,70,0,17.27,clear sky
110,Sao Gabriel Da Cachoeira,BR,-0.1303,-67.0892,78.26,90,100,0.72,overcast clouds
111,Haines Junction,CA,60.7522,-137.5108,48.87,79,100,5.48,overcast clouds
112,Vardo,NO,70.3705,31.1107,41.2,70,20,11.5,few clouds
113,Lorengau,PG,-2.0226,147.2712,79.9,78,96,4.07,overcast clouds
114,East London,ZA,-33.0153,27.9116,63.3,41,0,9.78,clear sky
115,Kavieng,PG,-2.5744,150.7967,81.34,77,90,7.43,light rain
116,Aksu,CN,41.1231,80.2644,76.53,25,84,7.0,broken clouds
117,Campo De Criptana,ES,39.4046,-3.1249,72.32,32,0,3.6,clear sky
118,Harper,LR,4.375,-7.7169,77.81,88,100,9.95,overcast clouds
119,Kaitangata,NZ,-46.2817,169.8464,46.42,80,98,1.5,overcast clouds
120,Lavrentiya,RU,65.5833,-171.0,35.04,81,99,5.03,overcast clouds
121,Kruisfontein,ZA,-34.0033,24.7314,60.89,21,0,9.04,clear sky
122,Ancud,CL,-41.8697,-73.8203,51.22,82,100,15.95,light rain
123,Mago,RU,53.2514,140.1822,41.31,87,100,4.94,overcast clouds
124,Bathsheba,BB,13.2167,-59.5167,81.91,73,41,19.73,scattered clouds
125,Karratha,AU,-20.7377,116.8463,74.97,62,96,7.9,overcast clouds
126,Sumter,US,28.7086,-82.0831,96.03,50,100,4.5,overcast clouds
127,Provideniya,RU,64.3833,-173.3,37.51,75,0,4.47,clear sky
128,Bethel,US,41.3712,-73.414,94.41,45,1,12.66,clear sky
129,Bengkulu,ID,-3.8004,102.2655,73.85,90,49,4.45,scattered clouds
130,Zhurivka,UA,50.5028,31.7849,57.18,94,67,7.43,broken clouds
131,Sechura,PE,-5.5569,-80.8222,75.2,63,93,11.52,overcast clouds
132,Qaanaaq,GL,77.484,-69.3632,40.37,84,40,5.28,scattered clouds
133,Ailigandi,PA,9.2333,-78.0167,84.07,78,86,10.92,overcast clouds
134,Chuy,UY,-33.6971,-53.4616,54.05,75,100,5.06,overcast clouds
135,Waldoboro,US,44.0954,-69.3756,88.21,60,45,7.52,scattered clouds
136,Kropotkin,RU,45.4375,40.5756,55.45,94,38,8.84,scattered clouds
137,Athabasca,CA,54.7169,-113.2854,63.63,38,98,11.16,overcast clouds
138,Puri,IN,19.8,85.85,87.39,83,74,20.15,broken clouds
139,Atuona,PF,-9.8,-139.0333,79.66,65,63,7.4,broken clouds
140,Padang,ID,-0.9492,100.3543,75.87,79,62,4.12,broken clouds
141,Aswan,EG,24.0934,32.907,88.2,12,5,12.75,clear sky
142,Hasaki,JP,35.7333,140.8333,66.29,85,100,1.74,overcast clouds
143,Kalmunai,LK,7.4167,81.8167,81.82,75,100,4.36,overcast clouds
144,Skibbereen,IE,51.55,-9.2667,53.4,78,99,3.6,overcast clouds
145,Koumra,TD,8.9126,17.5539,80.37,59,17,4.5,few clouds
146,Togul,RU,53.465,85.9128,50.11,94,26,5.59,scattered clouds
147,Porto Novo,BJ,6.4965,2.6036,80.6,78,88,8.32,overcast clouds
148,Henderson,US,36.0397,-114.9819,104.11,11,1,8.01,clear sky
149,Hithadhoo,MV,-0.6,73.0833,83.03,74,8,13.85,clear sky
150,Hambantota,LK,6.1241,81.1185,79.66,85,100,15.28,overcast clouds
151,Atikokan,CA,48.7555,-91.6216,90.63,36,52,15.88,broken clouds
152,Severo-Kurilsk,RU,50.6789,156.125,42.01,94,100,8.88,overcast clouds
153,Ostrovnoy,RU,68.0531,39.5131,39.67,87,7,8.16,clear sky
154,Northam,GB,51.0333,-4.2167,61.34,86,32,4.68,scattered clouds
155,Lerwick,GB,60.1545,-1.1494,53.6,81,73,6.91,broken clouds
156,Plettenberg Bay,ZA,-34.0527,23.3716,68.5,26,3,10.94,clear sky
157,Saint George,US,37.1041,-113.5841,102.67,11,1,3.0,clear sky
158,Dikson,RU,73.5069,80.5464,30.0,88,100,9.98,overcast clouds
159,Comodoro Rivadavia,AR,-45.8667,-67.5,51.55,47,43,18.72,scattered clouds
160,Tallahassee,US,30.4383,-84.2807,90.32,64,75,1.99,broken clouds
161,Inuvik,CA,68.3499,-133.7218,47.23,40,3,9.13,clear sky
162,Eureka,US,40.8021,-124.1637,66.67,64,20,8.99,few clouds
163,Port Alfred,ZA,-33.5906,26.891,65.52,36,0,8.14,clear sky
164,Nacala,MZ,-14.5428,40.6728,68.65,82,23,9.46,few clouds
165,Bilibino,RU,68.0546,166.4372,62.33,47,6,5.66,clear sky
166,Arraial Do Cabo,BR,-22.9661,-42.0278,76.86,83,0,12.66,clear sky
167,Ilulissat,GL,69.2167,-51.1,42.82,70,94,6.91,overcast clouds
168,Hay River,CA,60.8156,-115.7999,48.61,55,69,9.37,broken clouds
169,Mocuba,MZ,-16.8392,36.9856,61.93,96,86,3.8,overcast clouds
170,Chabahar,IR,25.2919,60.643,83.77,77,6,8.9,clear sky
171,Bluff,NZ,-46.6,168.3333,46.9,84,76,9.33,broken clouds
172,Lehi,US,40.3916,-111.8508,88.68,24,74,3.0,broken clouds
173,Chau Doc,VN,10.7,105.1167,81.37,79,100,11.03,overcast clouds
174,Pecos,US,31.4229,-103.4932,100.49,12,1,9.22,clear sky
175,Naze,JP,28.3667,129.4833,69.48,91,100,2.98,light rain
176,Mount Gambier,AU,-37.8333,140.7667,57.09,60,100,15.84,overcast clouds
177,Barrow,US,71.2906,-156.7887,32.02,86,90,10.36,overcast clouds
178,Villa San Giovanni,IT,38.2276,15.6386,75.38,58,100,5.99,overcast clouds
179,Ibra,OM,22.6906,58.5334,80.02,77,0,5.57,clear sky
180,Birao,CF,10.2849,22.7882,82.06,55,57,3.58,broken clouds
181,Cidreira,BR,-30.1811,-50.2056,63.18,78,100,10.18,moderate rain
182,Kieta,PG,-6.2167,155.6333,78.15,85,99,4.63,light rain
183,Kodiak,US,57.79,-152.4072,54.32,56,17,6.67,few clouds
184,Lensk,RU,60.7253,114.9278,46.17,82,89,10.2,overcast clouds
185,Hervey Bay,AU,-25.2986,152.8535,56.03,82,1,11.52,clear sky
186,Maniitsoq,GL,65.4167,-52.9,41.07,88,100,6.22,overcast clouds
187,Vila Velha,BR,-20.3297,-40.2925,76.95,80,0,3.0,clear sky
188,Carnarvon,AU,-24.8667,113.6333,57.27,82,100,6.91,overcast clouds
189,Taoudenni,ML,22.6783,-3.9836,106.52,7,90,7.29,overcast clouds
190,Ouesso,CG,1.6136,16.0517,72.36,87,93,1.54,overcast clouds
191,Aleksandrov Gay,RU,50.147,48.5704,63.01,74,51,4.45,broken clouds
192,Tilichiki,RU,60.4667,166.1,37.29,96,100,8.48,light rain
193,Mar Del Plata,AR,-38.0023,-57.5575,57.09,62,65,1.99,broken clouds
194,Srednekolymsk,RU,67.45,153.6833,52.92,57,100,13.58,overcast clouds
195,Pirojpur,BD,22.5667,89.9833,84.42,78,100,10.2,overcast clouds
196,Helong,CN,42.5397,128.9972,52.9,90,46,3.47,scattered clouds
197,Calvinia,ZA,-31.4707,19.776,54.66,38,1,13.22,clear sky
198,Lotofaga,WS,-13.9764,-171.8578,82.18,77,16,7.16,light rain
199,Sayyan,YE,15.1718,44.3244,67.69,34,23,2.98,few clouds
200,Sur,OM,22.5667,59.5289,84.11,79,0,14.18,clear sky
201,Tuburan,PH,6.6439,122.2736,81.46,75,91,1.68,overcast clouds
202,Roebourne,AU,-20.7833,117.1333,74.98,60,97,6.98,overcast clouds
203,Lincoln,US,40.8,-96.667,85.86,60,20,5.01,few clouds
204,Kamphaeng Phet,TH,16.25,99.5,81.09,64,100,2.3,overcast clouds
205,Paranaiba,BR,-19.6772,-51.1908,86.77,28,30,4.36,scattered clouds
206,Shaoguan,CN,24.8,113.5833,66.58,81,4,0.74,clear sky
207,Esperance,AU,-33.8667,121.9,59.56,59,100,28.39,overcast clouds
208,Rawson,AR,-43.3002,-65.1023,54.25,42,14,17.78,few clouds
209,Mayo,US,38.8876,-76.5119,96.35,61,13,1.01,few clouds
210,Roma,US,43.2128,-75.4557,89.89,45,1,9.22,clear sky
211,Lisala,CD,2.15,21.5167,69.87,99,92,1.03,overcast clouds
212,Channel-Port Aux Basques,CA,47.5702,-59.1367,52.27,65,1,14.0,clear sky
213,Chengde,CN,40.9725,117.9361,65.08,50,100,3.31,light rain
214,Warangal,IN,18.0,79.5833,87.94,55,44,3.56,scattered clouds
215,Bubaque,GW,11.2833,-15.8333,79.48,85,49,18.03,scattered clouds
216,Narsipatnam,IN,17.6667,82.6167,82.67,80,12,4.0,few clouds
217,San-Pedro,CI,4.7485,-6.6363,78.12,84,100,7.43,overcast clouds
218,Soller,ES,39.7662,2.7152,70.86,74,2,4.9,clear sky
219,Sobradinho,BR,-12.8333,-39.1,72.57,88,22,5.21,few clouds
220,Chapeco,BR,-27.0964,-52.6183,62.13,96,100,2.01,moderate rain
221,Dickinson,US,29.4608,-95.0513,92.19,68,20,1.01,few clouds
222,Nanortalik,GL,60.1432,-45.2371,45.99,68,100,14.56,overcast clouds
223,Traralgon,AU,-38.1833,146.5333,55.9,80,100,3.2,overcast clouds
224,Mayskiy,RU,47.6931,40.1025,58.44,87,46,7.23,scattered clouds
225,Contamana,PE,-7.3333,-75.0167,88.93,52,100,2.89,overcast clouds
226,Udachnyy,RU,66.4167,112.4,40.46,85,100,16.44,moderate rain
227,Bagdarin,RU,54.4333,113.6,54.81,84,99,4.38,overcast clouds
228,Madina,GH,5.6823,-0.1641,80.56,77,55,10.45,broken clouds
229,Tayshet,RU,55.9342,98.0044,45.64,80,74,9.33,broken clouds
230,Fairbanks,US,64.8378,-147.7164,66.24,51,1,0.0,clear sky
231,Dayong,CN,25.0209,118.2898,73.08,70,99,1.66,overcast clouds
232,Port Blair,IN,11.6667,92.75,83.88,78,100,11.45,overcast clouds
233,Wajima,JP,37.4,136.9,64.96,83,98,5.97,overcast clouds
234,Zhaotong,CN,27.3167,103.7167,62.51,66,100,1.32,overcast clouds
235,Constitucion,CL,-35.3333,-72.4167,54.77,63,100,10.89,overcast clouds
236,Takoradi,GH,4.8845,-1.7554,80.08,81,7,10.92,clear sky
237,Winnemucca,US,40.973,-117.7357,86.05,10,1,11.81,clear sky
238,Jimenez,MX,28.3333,-105.4,95.74,8,8,14.41,clear sky
239,Bolshaya Dzhalga,RU,45.9695,42.6966,58.82,84,100,7.34,overcast clouds
240,Kholodnyy,RU,62.7167,147.95,45.7,71,97,7.11,overcast clouds
241,Mayumba,GA,-3.432,10.6554,75.87,93,95,5.41,overcast clouds
242,Coahuayana,MX,18.7333,-103.6833,99.88,45,99,8.7,overcast clouds
243,Gigmoto,PH,13.7796,124.39,80.29,82,100,2.26,overcast clouds
244,Botad,IN,22.1667,71.6667,87.3,57,14,14.0,few clouds
245,Tomatlan,MX,19.9333,-105.25,93.78,41,55,12.44,broken clouds
246,Salalah,OM,17.0151,54.0924,84.29,89,40,8.05,scattered clouds
247,Wanning,CN,18.8003,110.3967,78.85,91,30,3.78,scattered clouds
248,Alugan,PH,12.2188,125.4808,77.2,89,100,3.87,moderate rain
249,Richards Bay,ZA,-28.783,32.0377,59.56,77,0,7.38,clear sky
250,Luderitz,NA,-26.6481,15.1594,67.48,36,0,5.5,clear sky
251,Nome,US,64.5011,-165.4064,38.16,93,90,13.8,light rain
252,Saint-Joseph,RE,-21.3667,55.6167,68.36,86,60,11.52,light rain
253,Isangel,VU,-19.55,169.2667,71.6,65,100,10.98,overcast clouds
254,Plaster Rock,CA,46.9065,-67.39,79.95,55,50,5.12,scattered clouds
255,Cap Malheureux,MU,-19.9842,57.6142,72.46,84,5,1.99,clear sky
256,Tsumeb,NA,-19.2333,17.7167,55.63,39,0,9.48,clear sky
257,Saint-Gaudens,FR,43.0833,0.6667,65.93,75,79,2.66,broken clouds
258,Rio Grande,BR,-32.035,-52.0986,59.11,64,100,11.25,overcast clouds
259,Santa Rosalia,MX,27.3167,-112.2833,90.14,31,9,2.24,clear sky
260,Mikhaylovka,RU,50.06,43.2379,57.63,88,57,6.78,broken clouds
261,Novo Aripuana,BR,-5.1206,-60.3797,84.36,69,97,2.19,overcast clouds
262,Uvinza,TZ,-5.1036,30.3911,71.53,62,100,0.34,overcast clouds
263,Komsomolskiy,UZ,40.4272,71.7189,87.22,44,63,5.37,broken clouds
264,Qaqortoq,GL,60.7167,-46.0333,55.9,77,100,4.54,overcast clouds
265,Chandbali,IN,20.7833,86.7667,85.91,75,59,14.85,broken clouds
266,Nikolskoye,RU,59.7035,30.7861,62.49,73,43,4.7,scattered clouds
267,Touros,BR,-5.1989,-35.4608,77.9,82,21,13.13,few clouds
268,Webuye,KE,0.6075,34.7697,61.25,90,65,1.32,broken clouds
269,Atar,MR,20.5169,-13.0499,100.87,14,11,16.06,few clouds
270,Sao Felix Do Xingu,BR,-6.6447,-51.995,83.91,62,99,1.83,overcast clouds
271,Talcahuano,CL,-36.7167,-73.1167,55.08,58,0,3.44,light rain
272,Adrar,MR,20.5022,-10.0711,102.18,10,94,12.77,overcast clouds
273,Kilindoni,TZ,-7.9139,39.6668,79.63,70,0,19.69,clear sky
274,Povenets,RU,62.8487,34.8262,52.29,56,100,11.92,overcast clouds
275,Bucerias,MX,20.75,-105.3333,85.98,66,40,8.61,scattered clouds
276,Tonj,SS,7.2737,28.6822,77.38,74,12,5.84,few clouds
277,Ust-Kuyga,RU,70.0167,135.6,45.03,62,5,4.29,clear sky
278,Arkhara,RU,49.4212,130.0842,50.77,86,6,1.23,clear sky
279,San Antonio,US,29.4241,-98.4936,91.15,64,40,1.01,scattered clouds
280,Inhambane,MZ,-23.865,35.3833,68.04,71,75,12.64,light rain
281,Karasjok,NO,69.4719,25.5112,44.71,44,12,5.86,few clouds
282,Leningradskiy,RU,69.3833,178.4167,38.16,87,15,12.15,few clouds
283,Kharod,IN,21.75,82.5667,90.7,44,4,7.85,clear sky
284,Teahupoo,PF,-17.8333,-149.2667,78.76,74,33,10.87,scattered clouds
285,Preston,GB,53.7667,-2.7167,66.18,83,9,2.3,clear sky
286,Dunedin,NZ,-45.8742,170.5036,44.8,87,95,3.8,overcast clouds
287,Nalut,LY,30.3333,10.85,91.0,11,38,14.92,scattered clouds
288,Viedma,AR,-40.8135,-62.9967,52.9,38,95,12.21,overcast clouds
289,Waipawa,NZ,-41.4122,175.5153,53.46,91,100,1.25,overcast clouds
290,Vila Franca Do Campo,PT,37.7167,-25.4333,66.61,79,100,3.13,overcast clouds
291,Pochutla,MX,15.7432,-96.4661,91.22,58,90,6.38,overcast clouds
292,Labuhan,ID,-6.8844,112.2051,78.08,85,22,4.65,few clouds
293,Walvis Bay,NA,-22.9575,14.5053,76.08,31,0,2.82,clear sky
294,Marsa Matruh,EG,31.3525,27.2453,70.61,68,0,8.32,clear sky
295,Baghdad,IQ,33.3406,44.4009,85.91,21,0,15.73,clear sky
296,Vanimo,PG,-2.6741,141.3028,77.02,88,100,4.94,heavy intensity rain
297,Turbat,PK,26.0023,63.044,82.58,72,0,5.14,clear sky
298,Wajid,SO,3.8093,43.2471,80.1,56,94,20.6,overcast clouds
299,Baiyin,CN,36.5583,104.2081,52.68,53,74,7.31,broken clouds
300,Pevek,RU,69.7008,170.3133,47.1,70,41,13.58,scattered clouds
301,Anloga,GH,5.7947,0.8973,81.52,79,14,13.49,light rain
302,Alyangula,AU,-13.8483,136.4192,73.45,82,97,9.75,overcast clouds
303,Camacha,PT,33.0833,-16.3333,65.16,68,40,11.5,scattered clouds
304,Fort Nelson,CA,58.8053,-122.7002,45.43,84,100,9.91,overcast clouds
305,Dondo,MZ,-19.6094,34.7431,62.37,93,52,5.86,light rain
306,Beyneu,KZ,45.3167,55.2,66.88,49,1,9.4,clear sky
307,Yaring,TH,6.8662,101.3689,78.8,86,100,8.39,overcast clouds
308,Sayat,TM,38.7839,63.8803,91.27,17,5,10.45,clear sky
309,Samarai,PG,-10.6167,150.6667,78.19,88,100,15.64,overcast clouds
310,Chicama,PE,-7.8447,-79.1469,66.74,70,100,10.96,overcast clouds
311,Kismayo,SO,-0.3582,42.5454,77.81,82,39,15.39,light rain
312,Coquimbo,CL,-29.9533,-71.3436,56.93,82,90,7.54,overcast clouds
313,Iwaki,JP,37.05,140.8833,64.76,93,100,4.47,overcast clouds
314,Nefteyugansk,RU,61.0998,72.6035,44.85,60,62,7.81,broken clouds
315,Noumea,NC,-22.2763,166.4572,70.0,99,99,5.48,overcast clouds
316,Cockburn Town,TC,21.4612,-71.1419,80.15,80,5,20.92,clear sky
317,Road Town,VG,18.4167,-64.6167,84.29,74,40,12.66,scattered clouds
318,Mandalgovi,MN,45.7625,106.2708,46.78,79,7,21.0,clear sky
319,Novaya Malykla,RU,54.2,49.95,59.29,83,86,5.28,overcast clouds
320,Cullera,ES,39.1667,-0.25,71.19,78,0,1.01,clear sky
321,Klaksvik,FO,62.2266,-6.589,50.92,98,100,16.22,overcast clouds
322,Yelizovo,RU,53.1873,158.3805,42.94,100,90,0.0,light rain
323,Ternate,ID,0.8,127.4,80.29,78,99,2.26,overcast clouds
324,Malatya,TR,38.5,38.0,51.85,44,0,7.02,clear sky
325,Bambous Virieux,MU,-20.3428,57.7575,72.21,82,24,11.88,few clouds
326,Westport,US,41.1415,-73.3579,95.92,42,1,4.0,clear sky
327,Jalu,LY,29.0331,21.5482,80.92,19,0,6.78,clear sky
328,Poltavka,RU,54.3663,71.7632,58.86,45,1,3.67,clear sky
329,Dudinka,RU,69.4058,86.1778,30.22,97,100,6.13,overcast clouds
330,Matane,CA,48.8286,-67.522,57.63,56,100,3.27,overcast clouds
331,Jumla,NP,29.2747,82.1838,55.9,88,21,2.48,few clouds
332,Banda Aceh,ID,5.5577,95.3222,79.77,75,100,13.06,overcast clouds
333,Palmer,US,42.1584,-72.3287,94.28,36,75,1.01,broken clouds
334,Bagotville,AU,-28.9833,153.4167,47.64,94,4,5.28,clear sky
335,Kansanshi,ZM,-12.0951,26.4273,56.48,66,87,3.36,overcast clouds
336,Lopez Jaena,PH,10.8492,123.4278,77.9,77,100,4.92,overcast clouds
337,Kodinsk,RU,58.6881,99.1844,40.08,77,23,4.09,few clouds
338,Superior,US,46.7208,-92.1041,90.45,38,1,17.27,clear sky
339,Prykolotne,UA,50.1604,37.3474,54.68,92,4,5.68,clear sky
340,Evensk,RU,61.95,159.2333,43.14,89,100,9.48,light rain
341,Manggar,ID,-2.8833,108.2667,81.91,77,100,9.62,overcast clouds
342,Bonthe,SL,7.5264,-12.505,80.06,86,99,7.72,moderate rain
343,Bushehr,IR,28.9684,50.8385,95.09,41,0,18.41,clear sky
344,Santa Cruz,BO,-17.8,-63.1667,78.85,61,75,5.75,broken clouds
345,Ixtapa,MX,20.7,-105.2,85.23,66,40,13.8,scattered clouds
346,Alcacer Do Sal,PT,38.3733,-8.5144,67.41,44,0,10.89,clear sky
347,Ahipara,NZ,-35.1667,173.1667,59.83,90,100,17.72,light rain
348,Bereda,ES,43.2686,-7.5406,60.55,90,32,4.81,scattered clouds
349,Katsuura,JP,35.1333,140.3,70.11,90,99,2.44,overcast clouds
350,Lodja,CD,-3.4833,23.4333,70.14,96,51,2.04,broken clouds
351,Dingle,PH,10.9995,122.6711,75.72,86,100,1.61,light rain
352,Balkhash,KZ,46.844,74.9804,63.95,38,8,16.26,clear sky
353,Sibolga,ID,1.7427,98.7792,75.13,78,68,3.53,broken clouds
354,Genhe,CN,50.7833,121.5167,47.3,70,5,2.28,clear sky
355,Vao,NC,-22.6667,167.4833,70.21,68,100,16.17,overcast clouds
356,Wonthaggi,AU,-38.6044,145.5913,56.05,69,100,21.07,overcast clouds
357,Totness,SR,5.8833,-56.3167,79.92,84,94,9.95,overcast clouds
358,General Pico,AR,-35.6566,-63.7568,54.41,45,96,10.85,overcast clouds
359,Septemes-Les-Vallons,FR,43.4,5.3667,72.48,50,0,10.33,clear sky
360,Gurupa,BR,-1.405,-51.64,82.83,73,87,2.44,overcast clouds
361,Callaway,US,30.153,-85.5699,89.98,68,20,10.0,few clouds
362,Umm Kaddadah,SD,13.6017,26.6876,91.02,12,2,9.98,clear sky
363,Talnakh,RU,69.4865,88.3972,30.49,99,100,3.09,light snow
364,Pinega,RU,64.7001,43.3936,39.7,59,23,8.46,few clouds
365,Gravdal,NO,68.1214,13.5031,62.49,55,0,3.44,light rain
366,Ocos,GT,14.5094,-92.1933,90.73,67,98,7.52,overcast clouds
367,Joao Pinheiro,BR,-17.7425,-46.1725,77.34,41,99,5.64,overcast clouds
368,Soderhamn,SE,61.3037,17.0592,63.99,70,79,3.85,broken clouds
369,Beloha,MG,-25.1667,45.05,62.31,71,37,12.77,scattered clouds
370,Saint Anthony,US,45.0205,-93.218,92.08,38,1,5.01,clear sky
371,Mangai,CD,-4.05,19.5333,71.96,85,53,3.4,broken clouds
372,Katangli,RU,51.7102,143.2326,38.39,94,100,14.94,overcast clouds
373,Souillac,MU,-20.5167,57.5167,72.36,84,52,9.89,light rain
374,Kabompo,ZM,-13.5927,24.2008,56.07,59,18,5.91,few clouds
375,San Juan De Abajo,MX,20.8167,-105.1833,85.68,66,40,7.7,scattered clouds
376,Kiunga,PG,-6.1219,141.2906,73.17,100,97,1.07,overcast clouds
377,Zapolyarnyy,RU,69.4154,30.8136,40.28,65,5,4.52,clear sky
378,Mount Isa,AU,-20.7333,139.5,44.37,70,0,0.0,clear sky
379,Shingu,JP,33.7333,135.9833,68.23,82,100,5.1,overcast clouds
380,Jagodina,RS,43.9814,21.2622,64.09,81,100,2.19,overcast clouds
381,Nykoping,SE,58.753,17.0079,62.89,55,0,3.44,clear sky
382,Urumqi,CN,43.801,87.6005,59.95,51,0,3.4,clear sky
383,North Branch,US,45.5113,-92.9802,92.23,46,0,18.16,clear sky
384,Sioux Lookout,CA,50.1001,-91.917,92.89,33,73,18.99,broken clouds
385,Salinas,US,36.6777,-121.6555,78.42,59,1,13.8,clear sky
386,Port Hardy,CA,50.6996,-127.4199,51.51,76,100,12.3,overcast clouds
387,Okhotsk,RU,59.3833,143.3,42.78,87,100,2.68,overcast clouds
388,Guerrero,MX,17.6667,-100.0,83.77,55,100,0.47,overcast clouds
389,Lata,PT,40.1629,-8.3327,61.36,76,0,3.71,clear sky
390,Rocky Mountain House,CA,52.3668,-114.9188,57.83,41,91,5.77,overcast clouds
391,Billings,US,45.7833,-108.5007,74.28,28,20,6.91,few clouds
392,Dehui,CN,44.5333,125.7,50.31,76,74,2.55,broken clouds
393,Miri,MY,4.4148,114.0089,76.23,89,100,4.97,overcast clouds
394,Garliava,LT,54.8167,23.8667,62.58,86,1,5.39,clear sky
395,Meulaboh,ID,4.1363,96.1285,74.98,88,100,3.91,overcast clouds
396,Fort Saint James,CA,54.4333,-124.25,56.28,38,100,4.54,overcast clouds
397,Victoria Point,AU,-27.5833,153.3,55.18,89,56,1.01,broken clouds
398,Gat,IL,31.61,34.7642,72.81,68,0,2.66,clear sky
399,Lumeje,AO,-11.55,20.7833,59.99,55,51,5.35,broken clouds
400,Rafai,CF,4.95,23.9167,69.01,94,99,2.39,light rain
401,Dali,CN,25.7,100.1833,62.42,90,74,4.72,broken clouds
402,Ust-Ilimsk,RU,58.0006,102.6619,38.98,64,26,6.22,scattered clouds
403,Lakes Entrance,AU,-37.8811,147.981,50.18,72,100,9.4,overcast clouds
404,Stokmarknes,NO,68.5646,14.9108,63.37,63,0,11.5,clear sky
405,Marabba,SD,12.35,32.1833,80.64,65,97,9.86,moderate rain
406,Sakakah,SA,29.9697,40.2064,86.43,14,0,7.38,clear sky
407,Bakreswar,IN,23.8833,87.3667,92.57,40,100,4.14,overcast clouds
408,Atlantic City,US,39.3643,-74.4229,95.25,55,1,13.33,clear sky
409,Humberto De Campos,BR,-2.5983,-43.4611,79.39,87,17,3.51,few clouds
410,Galdar,ES,28.147,-15.6502,68.5,77,50,14.2,scattered clouds
411,San Patricio,US,28.017,-97.5169,92.05,65,10,17.78,clear sky
412,Tiarei,PF,-17.5333,-149.3333,84.22,75,60,11.01,broken clouds
413,Kibala,TD,9.1104,18.3463,81.79,56,18,6.44,few clouds
414,Bahia Honda,CU,22.9036,-83.1592,88.45,59,99,9.44,overcast clouds
415,Qui Nhon,VN,13.7667,109.2333,81.07,78,100,4.25,overcast clouds
416,San Isidro,PE,-12.1167,-77.05,71.02,81,90,9.19,overcast clouds
417,Penarroya-Pueblonuevo,ES,38.3,-5.2667,80.71,33,7,5.08,clear sky
418,Durham,US,36.0335,-78.8664,92.19,57,75,1.01,broken clouds
419,Libertador General San Martin,AR,-23.8064,-64.7876,62.98,85,94,2.33,overcast clouds
420,Sao Joao Da Barra,BR,-21.6403,-41.0511,77.09,83,100,15.05,overcast clouds
421,Krasnoselkup,RU,65.7,82.4667,31.46,80,25,8.21,scattered clouds
422,Goderich,CA,43.7501,-81.7165,87.21,75,16,10.47,few clouds
423,Iquitos,PE,-3.7481,-73.2472,86.04,66,40,3.44,scattered clouds
424,Kingman,US,35.1894,-114.053,95.25,7,1,18.43,clear sky
425,Motala,SE,58.5371,15.0365,67.78,64,44,4.63,scattered clouds
426,Muli,MV,2.9167,73.5667,83.08,75,43,13.87,scattered clouds
427,Melnikovo,RU,56.5558,84.085,55.17,97,84,6.33,broken clouds
428,Nelson Bay,AU,-32.7167,152.15,49.95,92,18,6.51,few clouds
429,Vostok,RU,46.4856,135.8833,45.82,91,100,3.65,overcast clouds
430,Tara,RU,56.8944,74.371,54.57,84,15,4.05,few clouds
431,Amahai,ID,-3.3333,128.9167,76.96,88,98,3.51,overcast clouds
432,Indramayu,ID,-6.3264,108.32,77.68,85,20,5.01,few clouds
433,Musoma,TZ,-1.5,33.8,69.39,68,84,8.68,broken clouds
434,Wagar,SD,16.1525,36.2032,96.78,19,68,14.25,broken clouds
435,Conceicao Do Araguaia,BR,-8.2578,-49.2647,84.97,55,100,1.92,overcast clouds
436,Kizhinga,RU,51.8462,109.9097,44.44,92,100,6.76,overcast clouds
437,Lasa,IT,46.6166,10.7002,60.71,92,100,4.05,overcast clouds
438,Yangjiang,CN,21.85,111.9667,75.7,85,0,2.91,clear sky
439,Itaituba,BR,-4.2761,-55.9836,86.61,54,100,2.3,overcast clouds
440,Nauta,PE,-4.5061,-73.5757,79.41,82,100,0.81,overcast clouds
441,Tigil,RU,57.8,158.6667,48.94,68,99,7.45,overcast clouds
442,Teguldet,RU,57.3064,88.1667,54.66,94,100,11.3,overcast clouds
443,Dolores,AR,-36.3132,-57.6792,52.3,56,100,4.99,overcast clouds
444,Gazli,UZ,40.1333,63.45,92.07,18,31,15.41,scattered clouds
445,Livramento,BR,-3.0254,-60.1803,90.28,62,40,2.73,scattered clouds
446,Sidrolandia,BR,-20.9319,-54.9614,84.99,29,30,7.81,light rain
447,Port Hedland,AU,-20.3167,118.5667,71.65,49,68,9.22,broken clouds
448,Mugur-Aksy,RU,50.35,90.5,36.28,80,7,4.76,clear sky
449,Tagusao,PH,9.1924,117.8141,80.49,83,100,6.64,overcast clouds
450,Voi,KE,-3.3945,38.563,67.6,86,4,7.9,clear sky
451,Batouri,CM,4.4333,14.3667,70.02,97,100,2.71,overcast clouds
452,Izumo,JP,35.3667,132.7667,64.76,79,98,4.74,overcast clouds
453,Dabeiba,CO,7.0017,-76.2672,82.29,85,99,3.13,overcast clouds
454,Ponta Do Sol,PT,32.6667,-17.1,69.71,78,0,2.48,clear sky
455,Rzhanitsa,RU,53.4284,33.923,57.65,97,97,5.91,overcast clouds
456,Caravelas,BR,-17.7125,-39.2481,74.44,79,0,4.94,clear sky
457,Vila Do Maio,CV,15.1333,-23.2167,75.99,87,31,18.12,scattered clouds
458,Ixtenco,MX,19.25,-97.8931,73.99,36,44,2.44,scattered clouds
459,Finote Selam,ET,10.7,37.2667,63.64,62,24,1.99,few clouds
460,Rovaniemi,FI,66.5,25.7167,58.41,33,0,9.22,clear sky
461,Tasiilaq,GL,65.6145,-37.6368,44.76,90,97,3.29,overcast clouds
462,Necochea,AR,-38.5473,-58.7368,54.03,54,100,3.91,overcast clouds
463,Khunti,IN,23.0833,85.2833,82.51,50,12,6.49,few clouds
464,Nanakuli,US,21.3906,-158.1547,82.35,54,40,16.11,scattered clouds
465,Santa Rosa,PH,14.3122,121.1114,84.11,88,100,1.21,overcast clouds
466,Vestmannaeyjar,IS,63.4427,-20.2734,47.39,93,90,20.71,mist
467,Moussoro,TD,13.6408,16.4901,94.59,28,100,6.55,overcast clouds
468,Bereznik,RU,62.8551,42.7072,55.11,54,87,10.29,overcast clouds
469,Yar-Sale,RU,66.8333,70.8333,35.33,83,34,10.29,scattered clouds
470,Victor Harbor,AU,-35.5667,138.6167,62.47,75,92,21.72,overcast clouds
471,Cividale Del Friuli,IT,46.0931,13.4275,67.93,90,88,4.29,overcast clouds
472,Oyama,JP,36.3,139.8,71.65,79,100,3.31,overcast clouds
473,Limoux,FR,42.9167,2.1667,67.33,84,57,6.08,broken clouds
474,Vangaindrano,MG,-23.35,47.6,65.75,84,96,11.16,light rain
475,Dublin,US,37.7021,-121.9358,87.01,45,1,10.0,clear sky
476,Erzin,TR,36.9559,36.2,73.0,69,0,3.74,clear sky
477,Ambilobe,MG,-13.2,49.05,71.62,88,83,3.67,broken clouds
478,Pandan,PH,14.0453,124.1694,79.86,83,100,4.65,overcast clouds
479,Shimanovsk,RU,52.0,127.7,53.82,65,29,6.58,scattered clouds
480,Firozpur Jhirka,IN,27.8,76.95,93.33,30,12,4.12,few clouds
481,Methoni,GR,36.8197,21.7049,69.66,73,15,10.74,few clouds
482,Kloulklubed,PW,7.0419,134.2556,77.5,82,100,7.02,overcast clouds
483,Hundested,DK,55.9667,11.8667,67.84,74,63,1.99,broken clouds
484,Almeirim,BR,-1.5233,-52.5817,83.55,71,93,0.56,overcast clouds
485,Mwinilunga,ZM,-11.7358,24.4293,58.3,63,64,5.28,broken clouds
486,Altay,CN,47.8667,88.1167,53.17,31,0,8.46,clear sky
487,Shimoda,JP,34.6667,138.95,68.16,86,87,9.44,overcast clouds
488,Avera,US,33.194,-82.5271,91.71,61,99,9.1,moderate rain
489,Kahului,US,20.8947,-156.47,83.46,66,20,20.71,few clouds
490,Brigantine,US,39.4101,-74.3646,95.27,62,1,13.78,clear sky
491,Srandakan,ID,-7.9386,110.2506,55.72,90,13,1.9,few clouds
492,Stornoway,GB,58.2093,-6.3865,54.93,82,90,9.22,overcast clouds
493,Itarema,BR,-2.9248,-39.9167,79.68,82,53,10.22,broken clouds
494,Kolyvan,RU,55.3053,82.7391,56.82,88,8,8.37,clear sky
495,Havre-Saint-Pierre,CA,50.2334,-63.5986,51.48,66,70,16.58,broken clouds
496,Alice Springs,AU,-23.7,133.8833,38.75,75,16,3.74,few clouds
497,Moron,AR,-34.6534,-58.6198,56.01,63,99,5.01,overcast clouds
498,Bud,US,39.447,-86.1758,84.9,64,100,12.39,overcast clouds
499,Kaura Namoda,NG,12.5898,6.5779,84.0,50,100,11.65,light rain
500,Secunda,ZA,-26.55,29.1667,43.32,94,10,5.01,clear sky
501,Taicheng,CN,38.731,113.228,61.32,36,100,5.39,overcast clouds
502,Tautira,PF,-17.7333,-149.15,84.22,73,42,11.86,scattered clouds
503,Fort-Shevchenko,KZ,44.5086,50.263,70.5,66,96,9.66,overcast clouds
504,Ulladulla,AU,-35.35,150.4667,51.87,80,100,5.12,overcast clouds
505,Yerbogachen,RU,61.2767,108.0108,38.01,67,2,9.42,clear sky
506,College,US,64.8569,-147.8028,66.22,51,75,4.61,broken clouds
507,Kalat,PK,29.0225,66.5916,72.23,49,0,6.93,clear sky
508,Xuddur,SO,4.1213,43.8894,76.26,66,64,19.71,broken clouds
509,Yining,CN,29.0361,114.5636,67.69,82,100,1.68,overcast clouds
510,Belyy Yar,RU,53.6039,91.3903,48.09,81,0,6.44,clear sky
511,Dhidhdhoo,MV,6.8833,73.1,81.97,80,100,15.19,overcast clouds
512,Norheimsund,NO,60.3709,6.1456,62.15,84,14,2.3,few clouds
513,Celestun,MX,20.8667,-90.4,88.56,62,95,12.26,overcast clouds
514,Matagami,CA,49.7502,-77.6328,82.89,33,98,9.4,overcast clouds
515,Pisco,PE,-13.7,-76.2167,67.01,72,20,8.05,few clouds
516,Tosno,RU,59.54,30.8775,62.42,72,34,5.14,scattered clouds
517,Dzilam Gonzalez,MX,21.2833,-88.9333,98.08,38,33,7.67,scattered clouds
518,Kathu,TH,7.9178,98.3332,87.62,68,100,15.68,overcast clouds
519,Mysliborz,PL,52.9238,14.8679,68.25,85,64,7.0,broken clouds
520,Tiznit,MA,29.5833,-9.5,70.25,60,100,3.71,overcast clouds
521,Kichera,RU,55.9375,110.0997,45.23,78,98,4.83,overcast clouds
522,Voh,NC,-20.9667,164.7,65.08,69,93,4.32,overcast clouds
523,Linguere,SN,15.3953,-15.1193,101.03,13,2,5.35,clear sky
524,Shenzhen,CN,22.5455,114.0683,82.35,83,57,6.98,broken clouds
525,Uribia,CO,11.7139,-72.266,87.35,55,100,19.77,overcast clouds
526,Ubinskoye,RU,55.3068,79.6802,53.73,76,1,8.43,clear sky
527,Cabedelo,BR,-6.9811,-34.8339,75.87,84,17,14.27,few clouds
528,Kelowna,CA,49.8831,-119.4857,66.45,33,100,1.99,overcast clouds
529,Yenagoa,NG,4.9247,6.2642,73.06,96,99,2.82,overcast clouds
530,Solnechnyy,RU,50.7214,136.6319,49.39,98,100,4.59,overcast clouds
531,Port Lincoln,AU,-34.7333,135.8667,60.3,51,100,22.53,overcast clouds
532,Mersing,MY,2.4312,103.8405,78.85,83,100,6.11,overcast clouds
533,Dasoguz,TM,41.8363,59.9666,82.51,34,5,14.23,clear sky
534,Capao Da Canoa,BR,-29.7456,-50.0097,61.47,87,100,6.26,heavy intensity rain
535,Nuuk,GL,64.1835,-51.7216,45.21,87,75,10.36,light snow
536,Terrace,CA,54.5163,-128.6035,54.43,76,75,4.61,broken clouds
537,Sao Pedro,BR,-22.5486,-47.9139,75.79,40,96,4.18,overcast clouds
538,Ciudad Bolivar,VE,8.1222,-63.5497,88.34,53,75,4.97,broken clouds
539,Rostock,DE,54.0887,12.1405,64.69,76,17,5.64,few clouds
540,Babstovo,RU,48.1167,132.4833,53.22,81,4,5.66,clear sky
541,Sault Sainte Marie,CA,46.5168,-84.3333,89.89,38,1,19.57,clear sky
542,Lianran,CN,24.9227,102.485,63.14,96,56,3.27,heavy intensity rain
543,Louth,GB,53.3666,-0.0044,62.69,88,75,5.21,broken clouds
544,Broome,US,42.2506,-75.833,90.7,45,75,3.0,broken clouds
545,Voskresenskoye,RU,56.8381,45.4317,56.62,94,1,2.82,clear sky
546,Salekhard,RU,66.53,66.6019,34.77,66,5,6.62,clear sky
547,Ban Nahin,LA,18.2418,104.2122,75.51,97,100,1.45,overcast clouds
548,Steinbach,DE,50.1667,8.5667,65.61,83,75,4.34,broken clouds
549,Ous,RU,60.9058,61.5186,52.09,44,31,5.84,scattered clouds
550,Brae,GB,60.3964,-1.353,53.51,80,45,6.13,scattered clouds
551,Kamenka,RU,51.3223,42.7678,56.01,91,72,5.55,broken clouds
552,Popova,RU,42.9603,131.7228,53.69,87,55,4.12,broken clouds
553,Sompeta,IN,18.9333,84.6,84.67,81,100,14.38,overcast clouds
554,Rafraf,TN,37.1904,10.1837,71.91,91,57,17.07,broken clouds
555,Kuopio,FI,62.8924,27.677,60.75,88,97,3.58,overcast clouds
556,Hobyo,SO,5.3505,48.5268,78.87,87,32,26.55,scattered clouds
557,Naryan-Mar,RU,67.6713,53.087,35.38,82,100,12.55,overcast clouds
558,Havoysund,NO,70.9963,24.6622,41.88,66,6,8.39,clear sky
559,Ventspils,LV,57.3894,21.5606,57.13,100,0,2.3,clear sky
560,Egvekinot,RU,66.3167,-179.1667,35.37,71,10,1.92,clear sky
561,Zhanaozen,KZ,43.3,52.8,69.82,53,0,10.65,clear sky
562,Pangody,RU,65.85,74.4859,34.12,74,20,8.43,few clouds
563,Alofi,NU,-19.0595,-169.9187,75.09,78,40,4.61,scattered clouds
564,Bilma,NE,18.6853,12.9164,94.73,15,100,5.03,overcast clouds
565,Ercis,TR,39.0287,43.3586,56.8,47,0,6.2,clear sky
566,Port Jervis,US,41.3751,-74.6927,93.81,40,7,9.15,clear sky
567,Yelandur,IN,12.0667,77.0333,72.5,90,100,3.78,overcast clouds
568,Camalu,MX,30.85,-116.0667,69.42,60,20,11.95,few clouds
569,Soyo,AO,-6.1349,12.3689,76.53,86,35,8.68,scattered clouds
570,Gay,RU,51.4666,58.4552,59.52,33,100,6.13,overcast clouds
571,Tabuk,PH,17.4189,121.4443,75.65,93,100,2.95,overcast clouds
572,San Carlos De Bariloche,AR,-41.1456,-71.3082,42.55,61,75,8.23,broken clouds
573,Mingyue,CN,43.1069,128.9217,48.87,96,10,2.33,clear sky
574,Ouargaye,BF,11.5033,0.0572,82.27,52,37,25.66,moderate rain
575,Maine-Soroa,NE,13.2114,12.0241,90.57,29,27,6.49,scattered clouds
576,Ukiah,US,39.1502,-123.2078,94.12,27,1,13.8,clear sky
577,Labrea,BR,-7.2586,-64.7981,81.55,87,94,3.2,overcast clouds
578,Marsh Harbour,BS,26.5412,-77.0636,80.38,75,99,16.55,overcast clouds
579,Krutinka,RU,56.0055,71.5113,54.57,71,0,9.4,clear sky
580,Novaya Zaimka,RU,56.4857,66.9241,56.07,59,4,8.39,clear sky
581,Khatima,IN,28.9167,79.9667,85.08,39,0,4.7,clear sky
582,Paita,PE,-5.0892,-81.1144,75.76,73,93,13.6,overcast clouds
583,Hokitika,NZ,-42.7167,170.9667,54.64,87,100,6.22,light rain
584,Norsup,VU,-16.0667,167.3833,75.52,83,94,12.12,overcast clouds
585,Saint-Georges,GD,12.0564,-61.7485,83.88,74,20,18.41,few clouds
586,Brazzaville,CG,-4.2658,15.2832,81.84,54,92,1.39,overcast clouds
587,Kikwit,CD,-5.041,18.8162,77.88,52,82,4.97,broken clouds
588,Le Port,RE,-20.9373,55.2919,69.76,77,95,8.88,overcast clouds
589,Derzhavinsk,KZ,51.1,66.3167,60.31,36,66,7.11,broken clouds
590,Sinnamary,GF,5.3833,-52.95,76.64,90,100,10.02,overcast clouds
591,San Juan,AR,-31.5375,-68.5364,70.74,40,0,5.32,clear sky
592,Deputatskiy,RU,69.3,139.9,37.45,74,7,3.42,clear sky
593,Raudeberg,NO,61.9875,5.1352,58.6,87,15,2.37,few clouds
594,Okha,RU,53.5739,142.9478,35.83,97,100,13.42,overcast clouds
595,Shieli,KZ,44.1667,66.75,77.54,42,0,6.73,clear sky
596,Port-Gentil,GA,-0.7193,8.7815,78.71,86,64,8.61,broken clouds
597,Sao Mateus,BR,-18.7161,-39.8589,73.53,77,17,4.81,few clouds
598,Amberg,DE,49.4414,11.8622,64.02,98,100,2.68,overcast clouds
599,Santa Marta,CO,11.2408,-74.199,87.98,70,100,1.01,overcast clouds
600,Dawlatabad,AF,36.4141,64.9053,88.72,22,0,4.7,clear sky
601,Panguna,PG,-6.3164,155.4848,67.19,96,99,2.08,overcast clouds
602,Aberdeen,GB,57.1437,-2.0981,54.21,81,85,5.75,overcast clouds
603,Mnogovershinnyy,RU,53.9353,139.9242,37.27,95,96,5.19,overcast clouds
604,Kuragino,RU,53.8975,92.6725,42.35,96,87,5.64,overcast clouds
605,Zhoukou,CN,33.6333,114.6333,77.34,46,100,8.95,light rain
606,Sinjar,IQ,36.3209,41.8754,77.32,21,0,9.26,clear sky
607,Bad Doberan,DE,54.1071,11.9005,64.72,90,50,6.2,scattered clouds
608,Lahat,ID,-3.8,103.5333,70.52,94,60,2.75,broken clouds
609,Abancay,PE,-13.6339,-72.8814,63.14,70,91,5.17,overcast clouds
610,Saint-Augustin,CA,51.226,-58.6502,58.98,43,9,8.08,clear sky
611,Lagos,NG,6.5833,3.75,84.52,84,98,4.45,overcast clouds
612,Champasak,LA,14.75,106.0,73.45,100,100,1.63,moderate rain
613,Nichinan,JP,31.6,131.3667,67.68,92,100,5.66,overcast clouds
614,Kjollefjord,NO,70.9457,27.3465,41.05,65,0,1.86,clear sky
615,Senj,HR,44.9894,14.9058,70.47,93,70,5.41,broken clouds
616,Palu,ID,-0.8917,119.8707,75.2,98,100,2.68,moderate rain
617,Malanje,AO,-9.5402,16.341,62.73,48,41,3.18,scattered clouds
618,Philippsburg,DE,49.2358,8.4564,65.12,80,100,6.62,overcast clouds
619,Presidencia Roque Saenz Pena,AR,-26.7852,-60.4388,59.11,95,100,4.99,overcast clouds
620,Jiuquan,CN,39.7432,98.5174,61.48,24,3,4.94,clear sky
621,Englewood,US,39.6478,-104.9878,92.34,22,75,1.99,broken clouds
622,Moose Factory,CA,51.2585,-80.6094,78.8,50,75,2.3,moderate rain
623,Mecca,SA,21.4267,39.8261,88.18,50,5,2.57,clear sky
624,Yumen,CN,40.2833,97.2,62.04,31,60,5.3,broken clouds
625,Marawi,PH,7.9986,124.2928,63.64,91,100,2.39,overcast clouds
626,Tukrah,LY,32.5341,20.5791,70.7,70,0,5.73,clear sky
627,Arrecife,ES,28.963,-13.5477,71.67,68,75,19.57,broken clouds
628,Mapiripan,CO,2.8892,-72.1256,79.72,87,100,6.26,light rain
629,Kyshtovka,RU,56.555,76.6271,55.49,87,37,7.05,scattered clouds
630,Tokonou,GN,9.65,-9.7833,72.88,83,100,5.82,overcast clouds
631,Garissa,KE,-0.4536,39.6401,76.8,70,11,20.4,few clouds
632,Churapcha,RU,62.0025,132.4325,56.1,55,99,7.38,overcast clouds
633,La Palma,US,33.8464,-118.0467,84.18,60,20,8.01,few clouds
634,Santa Maria,BR,-29.6842,-53.8069,56.5,100,90,8.5,light intensity drizzle
635,Paamiut,GL,61.994,-49.6678,38.14,97,100,3.31,light rain
636,Port Macquarie,AU,-31.4333,152.9167,45.37,67,1,5.19,clear sky
637,Turmalina,BR,-17.2856,-42.73,76.05,47,88,5.86,overcast clouds
638,Bull Savanna,JM,17.8868,-77.5902,84.27,63,12,19.66,few clouds
639,Zabid,YE,14.1951,43.3152,94.14,39,66,13.06,broken clouds
640,Balikpapan,ID,-1.2675,116.8289,76.55,89,100,5.14,overcast clouds
641,Simao,CN,22.7886,100.9748,65.35,98,99,2.28,overcast clouds
642,Kimbe,PG,-5.5502,150.1429,74.64,91,69,3.49,broken clouds
643,Djambala,CG,-2.5447,14.7533,74.26,67,55,2.35,broken clouds
644,Waingapu,ID,-9.6567,120.2641,76.37,87,52,6.85,broken clouds
645,Narsaq,GL,60.9167,-46.05,55.62,68,100,3.71,overcast clouds
646,Neiafu,TO,-18.65,-173.9833,79.48,73,20,8.05,few clouds
647,Chumikan,RU,54.7183,135.315,35.6,95,100,0.94,overcast clouds
648,Tottori,JP,35.5,134.2333,66.54,66,100,6.11,overcast clouds
649,Mount Darwin,ZW,-16.7725,31.5838,54.09,68,35,5.55,scattered clouds
650,Salaverry,PE,-8.2333,-78.9667,66.58,84,100,10.51,overcast clouds
651,Kyzyl-Suu,KG,42.3414,78.0056,58.21,64,100,3.42,light rain
652,Eyrarbakki,IS,63.863,-21.1481,50.05,90,96,15.26,overcast clouds
653,Shouguang,CN,36.88,118.7375,73.15,52,88,10.51,light rain
654,Buraydah,SA,26.326,43.975,99.05,10,4,12.06,clear sky
655,Visby,SE,57.6409,18.296,57.85,72,7,3.44,clear sky
656,Champerico,GT,14.3,-91.9167,89.94,67,78,7.92,broken clouds
657,Arsenyev,RU,44.1631,133.2733,49.87,95,1,2.15,clear sky
658,Medowie,AU,-32.7333,151.8667,49.64,97,43,8.05,scattered clouds
659,Kolosovka,RU,56.4678,73.611,54.82,77,11,9.48,few clouds
660,Tarakan,ID,3.3,117.6333,80.08,79,100,6.02,overcast clouds
661,Ndele,CF,8.4109,20.6473,73.35,79,37,3.47,scattered clouds
662,Muros,ES,42.7762,-9.0603,68.85,71,19,11.1,few clouds
663,Boguchany,RU,58.3814,97.4531,48.09,75,95,4.45,overcast clouds
664,High Rock,BS,26.6208,-78.2833,84.22,75,92,16.15,overcast clouds
665,Wajir,KE,1.7471,40.0573,82.04,51,12,26.49,few clouds
666,Herat,AF,34.5,62.0,80.62,29,0,11.45,clear sky
667,Yarmouth,US,41.7057,-70.2286,94.98,30,1,5.99,clear sky
668,Bosaso,SO,11.2842,49.1816,92.14,42,0,5.88,clear sky
669,Kysyl-Syr,RU,63.8986,122.7617,48.29,88,100,8.01,light rain
670,Omsukchan,RU,62.5333,155.8,42.66,85,99,9.17,overcast clouds
671,Caldwell,US,43.6629,-116.6874,73.67,29,1,5.75,clear sky
672,Bouza,NE,14.4229,6.0428,90.81,31,100,15.32,overcast clouds
673,Boden,SE,65.8252,21.6886,68.0,58,31,1.59,scattered clouds
674,Pallasovka,RU,50.05,46.8833,61.38,69,10,4.12,clear sky
675,Aborlan,PH,9.4352,118.5492,79.48,86,100,1.74,overcast clouds
